id,author_id,created_at,text,clean_text
1942180546353709093,846898992290017281,2025-07-07 11:15:00+00:00,@DJPAYPAL reformation complete,reformation complete
1942180422059962859,1593198401650302976,2025-07-07 11:14:31+00:00,"RT @indignadoxd: La ensobrada Florencia Pe√±a dice que Milei vendi√≥ La Patagonia,. Es la misma Florencia Pe√±a que aplaud√≠a mientras Cristina‚Ä¶",rt  la ensobrada florencia pe a dice que milei vendi  la patagonia es la misma florencia pe a que aplaud a mientras cristina
1942180402879254664,1637181042569236480,2025-07-07 11:14:26+00:00,RT @keatlaretswe_m: South Africans when dealing with issues regarding white people &amp; land reformation  - world screams genocide. South Afri‚Ä¶,rt  south africans when dealing with issues regarding white people amp land reformation   world screams genocide south afri
1942180112058781711,1580426777180135425,2025-07-07 11:13:17+00:00,"RT @indignadoxd: La ensobrada Florencia Pe√±a dice que Milei vendi√≥ La Patagonia,. Es la misma Florencia Pe√±a que aplaud√≠a mientras Cristina‚Ä¶",rt  la ensobrada florencia pe a dice que milei vendi  la patagonia es la misma florencia pe a que aplaud a mientras cristina
1942180062964400407,1482405429313478658,2025-07-07 11:13:05+00:00,"RT @atentoschile: üî¥ Un hombre se encontr√≥ cara a cara con tres pumas mientras recorr√≠a un sendero en la Patagonia de Chile. 

Afortunadamen‚Ä¶","rt    un hombre se encontr  cara a cara con tres pumas mientras recorr a un sendero en la patagonia de chile 

afortunadamen"
1942179957838328107,339951727,2025-07-07 11:12:40+00:00,"RT @atentoschile: üî¥ Un hombre se encontr√≥ cara a cara con tres pumas mientras recorr√≠a un sendero en la Patagonia de Chile. 

Afortunadamen‚Ä¶","rt    un hombre se encontr  cara a cara con tres pumas mientras recorr a un sendero en la patagonia de chile 

afortunadamen"
1942179874334007497,1270115900407021571,2025-07-07 11:12:20+00:00,"RT @atentoschile: üî¥ Un hombre se encontr√≥ cara a cara con tres pumas mientras recorr√≠a un sendero en la Patagonia de Chile. 

Afortunadamen‚Ä¶","rt    un hombre se encontr  cara a cara con tres pumas mientras recorr a un sendero en la patagonia de chile 

afortunadamen"
1942179870835896762,1688008514583576582,2025-07-07 11:12:19+00:00,"@BornLik23266 The ban on cousins marriage was during the Gregorian reformation, and it was to break up the kin groups of ELITES. The eastern church never implemented this, only the west. .",the ban on cousins marriage was during the gregorian reformation and it was to break up the kin groups of elites the eastern church never implemented this only the west
1942179856218735016,1913358639685111808,2025-07-07 11:12:16+00:00,√âSTE ES EL FUTURO DE LOS ARGENTINOS SI DEJAMOS Q3 LOS JUD√çOS SIONISTAS SE KEDEN CON LA PATAGONIA LOS ARGENTINOS SEREMOS EXTERMINADOS COMO LOS PALESTINOS HABR√Å UNA ZONA MILITAR Y LOS ARGENTINOS SEREMOS GAZA ESTAMOS A TIEMPO DE SALVAR LA PATRIA EL FUTURO DE NUESTROS HIJOS Y NIETOS https://t.co/4yzMpntlvt,ste es el futuro de los argentinos si dejamos q3 los jud os sionistas se keden con la patagonia los argentinos seremos exterminados como los palestinos habr  una zona militar y los argentinos seremos gaza estamos a tiempo de salvar la patria el futuro de nuestros hijos y nietos
1942179837868736818,3344268101,2025-07-07 11:12:11+00:00,"RT @indignadoxd: La ensobrada Florencia Pe√±a dice que Milei vendi√≥ La Patagonia,. Es la misma Florencia Pe√±a que aplaud√≠a mientras Cristina‚Ä¶",rt  la ensobrada florencia pe a dice que milei vendi  la patagonia es la misma florencia pe a que aplaud a mientras cristina
1942179586734956914,1844439742722789376,2025-07-07 11:11:12+00:00,"*Patagonia Argentina, no me peguen, c√°lmense oh",patagonia argentina no me peguen c lmense oh
1942179575057863048,1467883049660600329,2025-07-07 11:11:09+00:00,"RT @DeZurdaTeam_: #JuevesMartiano recordando el nacimiento del Presidente #SalvadorAllende üá®üá±. Marxista, socialista, martiano y amigo de Fi‚Ä¶",rt  juevesmartiano recordando el nacimiento del presidente salvadorallende   marxista socialista martiano y amigo de fi
1942179353611411878,1665199284638326784,2025-07-07 11:10:16+00:00,"@mamedaifukudes „ÅØ„Åò„ÇÅ„Åæ„Åó„Å¶„ÄÇ
Allbirds„ÅÆ„Çπ„Éã„Éº„Ç´„Éº„ÅØ„Å©„ÅÜ„Åß„Åó„Çá„ÅÜ„ÅãÔºüÁßÅ„ÇÇMCS„Åß„Åô„Åå„ÄÅAllbirds„ÅÆ„Çπ„Éã„Éº„Ç´„Éº„ÅØÂ§ß‰∏àÂ§´„Åß„Åô„ÄÇÊâÄË¨Ç„Çπ„Éã„Éº„Ç´„ÉºËá≠„Åï„ÅØÂÖ®„Åè„ÅÇ„Çä„Åæ„Åõ„Çì„ÄÇ",allbirds mcs allbirds
1942179306677088543,1844439742722789376,2025-07-07 11:10:05+00:00,"Tengo la edad suficiente como para saber que este es una de dos:
1) Un chileno nacido y criado en la Patagonia
2) Un chileno del sur que se jura argentino https://t.co/5giIldtAsM","tengo la edad suficiente como para saber que este es una de dos
1 un chileno nacido y criado en la patagonia
2 un chileno del sur que se jura argentino"
1942179132378403285,1938317797001457664,2025-07-07 11:09:23+00:00,"RT @indignadoxd: La ensobrada Florencia Pe√±a dice que Milei vendi√≥ La Patagonia,. Es la misma Florencia Pe√±a que aplaud√≠a mientras Cristina‚Ä¶",rt  la ensobrada florencia pe a dice que milei vendi  la patagonia es la misma florencia pe a que aplaud a mientras cristina
1942179047561122172,1673630586,2025-07-07 11:09:03+00:00,"RT @atentoschile: üî¥ Un hombre se encontr√≥ cara a cara con tres pumas mientras recorr√≠a un sendero en la Patagonia de Chile. 

Afortunadamen‚Ä¶","rt    un hombre se encontr  cara a cara con tres pumas mientras recorr a un sendero en la patagonia de chile 

afortunadamen"
1942178983258272144,37774798,2025-07-07 11:08:48+00:00,"RT @atentoschile: üî¥ Un hombre se encontr√≥ cara a cara con tres pumas mientras recorr√≠a un sendero en la Patagonia de Chile. 

Afortunadamen‚Ä¶","rt    un hombre se encontr  cara a cara con tres pumas mientras recorr a un sendero en la patagonia de chile 

afortunadamen"
1942178844011872462,1229118241047490566,2025-07-07 11:08:15+00:00,"RT @indignadoxd: La ensobrada Florencia Pe√±a dice que Milei vendi√≥ La Patagonia,. Es la misma Florencia Pe√±a que aplaud√≠a mientras Cristina‚Ä¶",rt  la ensobrada florencia pe a dice que milei vendi  la patagonia es la misma florencia pe a que aplaud a mientras cristina
1942178734749958322,1141231378119479297,2025-07-07 11:07:48+00:00,RT @Silviaf75511874: @GeopolPt @ElianaRezende10 A Patag√¥nia chilena e argentina tamb√©m est√£o recebendo imigrantes israelenses que est√£o adq‚Ä¶,rt    a patag nia chilena e argentina tamb m est o recebendo imigrantes israelenses que est o adq
1942178655192351021,1855624143888113665,2025-07-07 11:07:29+00:00,"@FuentesUpdates Mystery Babylon has never ceased it's efforts in the counter-reformation, she has merely changed methods.",mystery babylon has never ceased its efforts in the counterreformation she has merely changed methods
1942178520492298690,1457934962699685891,2025-07-07 11:06:57+00:00,"RT @atentoschile: üî¥ Un hombre se encontr√≥ cara a cara con tres pumas mientras recorr√≠a un sendero en la Patagonia de Chile. 

Afortunadamen‚Ä¶","rt    un hombre se encontr  cara a cara con tres pumas mientras recorr a un sendero en la patagonia de chile 

afortunadamen"
1942178507280253096,322425309,2025-07-07 11:06:54+00:00,"RT @atentoschile: üî¥ Un hombre se encontr√≥ cara a cara con tres pumas mientras recorr√≠a un sendero en la Patagonia de Chile. 

Afortunadamen‚Ä¶","rt    un hombre se encontr  cara a cara con tres pumas mientras recorr a un sendero en la patagonia de chile 

afortunadamen"
1942178443182952786,1234927374430588934,2025-07-07 11:06:39+00:00,"@laboristadel45 Y  sacar a los sionistas de la Patagonia, no vaya a ser que pase lo mismo en Argentina y Chile,  que est√° pasado ahora en Chipre.",y  sacar a los sionistas de la patagonia no vaya a ser que pase lo mismo en argentina y chile  que est  pasado ahora en chipre
1942178354544746594,731520237745623041,2025-07-07 11:06:18+00:00,"RT @indignadoxd: La ensobrada Florencia Pe√±a dice que Milei vendi√≥ La Patagonia,. Es la misma Florencia Pe√±a que aplaud√≠a mientras Cristina‚Ä¶",rt  la ensobrada florencia pe a dice que milei vendi  la patagonia es la misma florencia pe a que aplaud a mientras cristina
1942178305072918815,163547543,2025-07-07 11:06:06+00:00,"RT @atentoschile: üî¥ Un hombre se encontr√≥ cara a cara con tres pumas mientras recorr√≠a un sendero en la Patagonia de Chile. 

Afortunadamen‚Ä¶","rt    un hombre se encontr  cara a cara con tres pumas mientras recorr a un sendero en la patagonia de chile 

afortunadamen"
1942178227511837000,1445520433801879555,2025-07-07 11:05:48+00:00,"RT @Armada_Chile: Con m√∫sica y tradici√≥n, la Banda Insignia de la Tercera Zona Naval acompa√±√≥ el cierre del Patagonia Light Festival, que i‚Ä¶",rt  con m sica y tradici n la banda insignia de la tercera zona naval acompa  el cierre del patagonia light festival que i
1942178215738433937,3238941899,2025-07-07 11:05:45+00:00,"El buque log√≠stico ARA ‚ÄúPatagonia‚Äù concret√≥ maniobras de reaprovisionamiento en el mar

https://t.co/3ZHN9h9Btp https://t.co/0EzIFfUSd9",el buque log stico ara  patagonia  concret  maniobras de reaprovisionamiento en el mar
1942178208993960088,906159495675600896,2025-07-07 11:05:43+00:00,"RT @MateconMote: LA KUKA FLOR PE√ëA ATAC√ì A MILEI Y DICE QUE LA PATAGONIA EST√Å VENDIDA: SI, CULPA DEL KIRCHNERISMO https://t.co/PupTnGQLr4",rt  la kuka flor pe a atac  a milei y dice que la patagonia est  vendida si culpa del kirchnerismo
1942178203033886756,751483658591174656,2025-07-07 11:05:42+00:00,"RT @Weretilneck: BASTA DE ABANDONO: R√çO NEGRO DEMANDA A LA NACI√ìN POR LA RUTA 151

La 151, de acceso a la Patagonia, est√° destruida. Pone e‚Ä¶","rt  basta de abandono r o negro demanda a la naci n por la ruta 151

la 151 de acceso a la patagonia est  destruida pone e"
1942178134519894485,182031128,2025-07-07 11:05:25+00:00,"RT @indignadoxd: La ensobrada Florencia Pe√±a dice que Milei vendi√≥ La Patagonia,. Es la misma Florencia Pe√±a que aplaud√≠a mientras Cristina‚Ä¶",rt  la ensobrada florencia pe a dice que milei vendi  la patagonia es la misma florencia pe a que aplaud a mientras cristina
1942178074243531037,1878121214310584320,2025-07-07 11:05:11+00:00,"RT @indignadoxd: La ensobrada Florencia Pe√±a dice que Milei vendi√≥ La Patagonia,. Es la misma Florencia Pe√±a que aplaud√≠a mientras Cristina‚Ä¶",rt  la ensobrada florencia pe a dice que milei vendi  la patagonia es la misma florencia pe a que aplaud a mientras cristina
1942178064059744367,280363183,2025-07-07 11:05:09+00:00,"RT @indignadoxd: La ensobrada Florencia Pe√±a dice que Milei vendi√≥ La Patagonia,. Es la misma Florencia Pe√±a que aplaud√≠a mientras Cristina‚Ä¶",rt  la ensobrada florencia pe a dice que milei vendi  la patagonia es la misma florencia pe a que aplaud a mientras cristina
1942178058611396811,2507748679,2025-07-07 11:05:07+00:00,"RT @MateconMote: LA KUKA FLOR PE√ëA ATAC√ì A MILEI Y DICE QUE LA PATAGONIA EST√Å VENDIDA: SI, CULPA DEL KIRCHNERISMO https://t.co/PupTnGQLr4",rt  la kuka flor pe a atac  a milei y dice que la patagonia est  vendida si culpa del kirchnerismo
1942177923001143436,1561923097816698881,2025-07-07 11:04:35+00:00,"RT @indignadoxd: La ensobrada Florencia Pe√±a dice que Milei vendi√≥ La Patagonia,. Es la misma Florencia Pe√±a que aplaud√≠a mientras Cristina‚Ä¶",rt  la ensobrada florencia pe a dice que milei vendi  la patagonia es la misma florencia pe a que aplaud a mientras cristina
1942177894513455308,2550256768,2025-07-07 11:04:28+00:00,"RT @Weretilneck: BASTA DE ABANDONO: R√çO NEGRO DEMANDA A LA NACI√ìN POR LA RUTA 151

La 151, de acceso a la Patagonia, est√° destruida. Pone e‚Ä¶","rt  basta de abandono r o negro demanda a la naci n por la ruta 151

la 151 de acceso a la patagonia est  destruida pone e"
1942177830135062910,926531967721660417,2025-07-07 11:04:13+00:00,"RT @atentoschile: üî¥ Un hombre se encontr√≥ cara a cara con tres pumas mientras recorr√≠a un sendero en la Patagonia de Chile. 

Afortunadamen‚Ä¶","rt    un hombre se encontr  cara a cara con tres pumas mientras recorr a un sendero en la patagonia de chile 

afortunadamen"
1942177636383416794,175427609,2025-07-07 11:03:27+00:00,"RT @indignadoxd: La ensobrada Florencia Pe√±a dice que Milei vendi√≥ La Patagonia,. Es la misma Florencia Pe√±a que aplaud√≠a mientras Cristina‚Ä¶",rt  la ensobrada florencia pe a dice que milei vendi  la patagonia es la misma florencia pe a que aplaud a mientras cristina
1942177626090598427,1248127937083211776,2025-07-07 11:03:24+00:00,"RT @Weretilneck: BASTA DE ABANDONO: R√çO NEGRO DEMANDA A LA NACI√ìN POR LA RUTA 151

La 151, de acceso a la Patagonia, est√° destruida. Pone e‚Ä¶","rt  basta de abandono r o negro demanda a la naci n por la ruta 151

la 151 de acceso a la patagonia est  destruida pone e"
1942177519286858215,1334162442054721538,2025-07-07 11:02:59+00:00,"RT @grok: @mexicola25 @davecriskmgr @trevormfisher @antmiddleton Ant Middleton's 4-year director ban for unpaid ¬£1m+ taxes, while extractin‚Ä¶",rt      ant middletons 4year director ban for unpaid  1m taxes while extractin
1942177475208917206,1395103902840852481,2025-07-07 11:02:48+00:00,"RT @Weretilneck: BASTA DE ABANDONO: R√çO NEGRO DEMANDA A LA NACI√ìN POR LA RUTA 151

La 151, de acceso a la Patagonia, est√° destruida. Pone e‚Ä¶","rt  basta de abandono r o negro demanda a la naci n por la ruta 151

la 151 de acceso a la patagonia est  destruida pone e"
1942177448101040468,606761824,2025-07-07 11:02:42+00:00,"RT @Weretilneck: BASTA DE ABANDONO: R√çO NEGRO DEMANDA A LA NACI√ìN POR LA RUTA 151

La 151, de acceso a la Patagonia, est√° destruida. Pone e‚Ä¶","rt  basta de abandono r o negro demanda a la naci n por la ruta 151

la 151 de acceso a la patagonia est  destruida pone e"
1942177411870695699,1013904744442728454,2025-07-07 11:02:33+00:00,"RT @indignadoxd: La ensobrada Florencia Pe√±a dice que Milei vendi√≥ La Patagonia,. Es la misma Florencia Pe√±a que aplaud√≠a mientras Cristina‚Ä¶",rt  la ensobrada florencia pe a dice que milei vendi  la patagonia es la misma florencia pe a que aplaud a mientras cristina
1942177181112672476,101606942,2025-07-07 11:01:38+00:00,"RT @MateconMote: LA KUKA FLOR PE√ëA ATAC√ì A MILEI Y DICE QUE LA PATAGONIA EST√Å VENDIDA: SI, CULPA DEL KIRCHNERISMO https://t.co/PupTnGQLr4",rt  la kuka flor pe a atac  a milei y dice que la patagonia est  vendida si culpa del kirchnerismo
1942177133956104519,81716067,2025-07-07 11:01:27+00:00,"RT @atentoschile: üî¥ Un hombre se encontr√≥ cara a cara con tres pumas mientras recorr√≠a un sendero en la Patagonia de Chile. 

Afortunadamen‚Ä¶","rt    un hombre se encontr  cara a cara con tres pumas mientras recorr a un sendero en la patagonia de chile 

afortunadamen"
1942176992570270119,3439292716,2025-07-07 11:00:53+00:00,Desaparece el guard√©s de la casa de Guillermo y M√°xima de Holanda en la Patagonia https://t.co/HHU9rRvWKS,desaparece el guard s de la casa de guillermo y m xima de holanda en la patagonia
1942176864765682075,796674541934223360,2025-07-07 11:00:23+00:00,"@Nicoo__sc @liberalote912 Al Oeste los chilenos y al Este los brit√°nicos.
Ac√° hay gente que cree que un F16 ya est√°, dorm√≠ sin frazada.
Es casi una declaraci√≥n de desinter√©s sobre nuestra Patagonia, nuestras islas y tambi√©n sobre nuestra proyecci√≥n sobre la Ant√°rtida.","al oeste los chilenos y al este los brit nicos
ac  hay gente que cree que un f16 ya est  dorm  sin frazada
es casi una declaraci n de desinter s sobre nuestra patagonia nuestras islas y tambi n sobre nuestra proyecci n sobre la ant rtida"
1942176772264694159,151666795,2025-07-07 11:00:01+00:00,"Invierno en #VillaLaAngostura, Neuqu√©n. Regalos de un Julio que reci√©n comienza. #tatiiaguirreüëèüèº#BuenLunes twitter! Patagonia Argentina que recibe visitas con los brazos bien abiertos ‚õµ‚ùÑ‚òïü©µ https://t.co/HAoJZkJ5le",invierno en villalaangostura neuqu n regalos de un julio que reci n comienza tatiiaguirre buenlunes twitter patagonia argentina que recibe visitas con los brazos bien abiertos
1942176761628033498,1385814875340001284,2025-07-07 10:59:58+00:00,"C√≥mo atacamos hoy a milei ? Pas√≥ una ex azafata con valijas, seguro hizo favores y se cuidan el culo. Perfecto, ahora ella es amante y las valijas tienen la plata q Trump le di√≥ a Milei para vender la patagonia y libra y la mar en coche... Ay sisisis. 
#LasValijasDeMilei https://t.co/SejtQVd6HL","c mo atacamos hoy a milei  pas  una ex azafata con valijas seguro hizo favores y se cuidan el culo perfecto ahora ella es amante y las valijas tienen la plata q trump le di  a milei para vender la patagonia y libra y la mar en coche ay sisisis 
lasvalijasdemilei"
1942176748872884629,342812863,2025-07-07 10:59:55+00:00,"RT @atentoschile: üî¥ Un hombre se encontr√≥ cara a cara con tres pumas mientras recorr√≠a un sendero en la Patagonia de Chile. 

Afortunadamen‚Ä¶","rt    un hombre se encontr  cara a cara con tres pumas mientras recorr a un sendero en la patagonia de chile 

afortunadamen"
1942176605666766976,143808605,2025-07-07 10:59:21+00:00,"RT @indignadoxd: La ensobrada Florencia Pe√±a dice que Milei vendi√≥ La Patagonia,. Es la misma Florencia Pe√±a que aplaud√≠a mientras Cristina‚Ä¶",rt  la ensobrada florencia pe a dice que milei vendi  la patagonia es la misma florencia pe a que aplaud a mientras cristina
1942176524968317093,139540528,2025-07-07 10:59:02+00:00,"RT @indignadoxd: La ensobrada Florencia Pe√±a dice que Milei vendi√≥ La Patagonia,. Es la misma Florencia Pe√±a que aplaud√≠a mientras Cristina‚Ä¶",rt  la ensobrada florencia pe a dice que milei vendi  la patagonia es la misma florencia pe a que aplaud a mientras cristina
1942176466969751732,1439869439214702592,2025-07-07 10:58:48+00:00,"RT @DavePellowe: @nogulagsagain We get the politicians we deserve.

We need a moral reformation. Better voters will result in better politi‚Ä¶","rt   we get the politicians we deserve

we need a moral reformation better voters will result in better politi"
1942176465795076363,793970746905268224,2025-07-07 10:58:47+00:00,"RT @atentoschile: üî¥ Un hombre se encontr√≥ cara a cara con tres pumas mientras recorr√≠a un sendero en la Patagonia de Chile. 

Afortunadamen‚Ä¶","rt    un hombre se encontr  cara a cara con tres pumas mientras recorr a un sendero en la patagonia de chile 

afortunadamen"
1942176321985036699,190873435,2025-07-07 10:58:13+00:00,Discover if GOEX Apparel meets some of the requirements to be called a sustainable fashion brand. https://t.co/JG6lHSI9uz,discover if goex apparel meets some of the requirements to be called a sustainable fashion brand
1942176179739377882,1594825078746882050,2025-07-07 10:57:39+00:00,"RT @MateconMote: LA KUKA FLOR PE√ëA ATAC√ì A MILEI Y DICE QUE LA PATAGONIA EST√Å VENDIDA: SI, CULPA DEL KIRCHNERISMO https://t.co/PupTnGQLr4",rt  la kuka flor pe a atac  a milei y dice que la patagonia est  vendida si culpa del kirchnerismo
1942176099351375938,1139334735853948928,2025-07-07 10:57:20+00:00,"@damalefer @liberalote912 En todos jajaja viene advirtiendo,cojo que Kast que sali√≥ 2do por poco contra Boric quiere rediscutir la patagonia. Y si Boric fracasa (lo cual es muy probable) el que viene ah√≠ nom√°s es Kast. Para m√≠ esa encuesta es toda para Kast, ojal√° que no gane.",en todos jajaja viene advirtiendocojo que kast que sali  2do por poco contra boric quiere rediscutir la patagonia y si boric fracasa lo cual es muy probable el que viene ah  nom s es kast para m  esa encuesta es toda para kast ojal  que no gane
1942176066426036311,1829127867810164736,2025-07-07 10:57:12+00:00,"RT @MateconMote: LA KUKA FLOR PE√ëA ATAC√ì A MILEI Y DICE QUE LA PATAGONIA EST√Å VENDIDA: SI, CULPA DEL KIRCHNERISMO https://t.co/PupTnGQLr4",rt  la kuka flor pe a atac  a milei y dice que la patagonia est  vendida si culpa del kirchnerismo
1942175878110224847,1325869148,2025-07-07 10:56:27+00:00,@elonmusk We know. They're hiding it because it's way more incriminating and should lead to an overhaul reformation in the federal government.,we know theyre hiding it because its way more incriminating and should lead to an overhaul reformation in the federal government
1942175875245494657,1766902909575344128,2025-07-07 10:56:27+00:00,"RT @indignadoxd: La ensobrada Florencia Pe√±a dice que Milei vendi√≥ La Patagonia,. Es la misma Florencia Pe√±a que aplaud√≠a mientras Cristina‚Ä¶",rt  la ensobrada florencia pe a dice que milei vendi  la patagonia es la misma florencia pe a que aplaud a mientras cristina
1942175710681907433,1000119437767438342,2025-07-07 10:55:47+00:00,"@DrMusicale not a dedication I've run into very much at all, to be honest.

I'm quite fascinated by it due to the suppression of the feast post reformation and the classically anglican watered-down commemoration of it, now present in common worship.","not a dedication ive run into very much at all to be honest

im quite fascinated by it due to the suppression of the feast post reformation and the classically anglican watereddown commemoration of it now present in common worship"
1942175340756885739,1433953895051636737,2025-07-07 10:54:19+00:00,"RT @indignadoxd: La ensobrada Florencia Pe√±a dice que Milei vendi√≥ La Patagonia,. Es la misma Florencia Pe√±a que aplaud√≠a mientras Cristina‚Ä¶",rt  la ensobrada florencia pe a dice que milei vendi  la patagonia es la misma florencia pe a que aplaud a mientras cristina
1942175338705915972,1761371201882963968,2025-07-07 10:54:19+00:00,"RT @atentoschile: üî¥ Un hombre se encontr√≥ cara a cara con tres pumas mientras recorr√≠a un sendero en la Patagonia de Chile. 

Afortunadamen‚Ä¶","rt    un hombre se encontr  cara a cara con tres pumas mientras recorr a un sendero en la patagonia de chile 

afortunadamen"
1942175157650338261,1506101150705238025,2025-07-07 10:53:36+00:00,"RT @indignadoxd: La ensobrada Florencia Pe√±a dice que Milei vendi√≥ La Patagonia,. Es la misma Florencia Pe√±a que aplaud√≠a mientras Cristina‚Ä¶",rt  la ensobrada florencia pe a dice que milei vendi  la patagonia es la misma florencia pe a que aplaud a mientras cristina
1942175027748647263,308814399,2025-07-07 10:53:05+00:00,"@aricheb La Bullrich tambi√©n, hasta hizo unos pozos en la Patagonia con la tusha contribuyente y no encontr√≥ nada",la bullrich tambi n hasta hizo unos pozos en la patagonia con la tusha contribuyente y no encontr  nada
1942174938447696133,172142093,2025-07-07 10:52:43+00:00,"RT @atentoschile: üî¥ Un hombre se encontr√≥ cara a cara con tres pumas mientras recorr√≠a un sendero en la Patagonia de Chile. 

Afortunadamen‚Ä¶","rt    un hombre se encontr  cara a cara con tres pumas mientras recorr a un sendero en la patagonia de chile 

afortunadamen"
1942174812530458989,97349094,2025-07-07 10:52:13+00:00,"RT @DrKingsleyAyi: Fun fact: Jan Hus did prophesy about Martin Luther 

""Today you roast a goose, but in 100 years a swan will arise which‚Ä¶","rt  fun fact jan hus did prophesy about martin luther 

today you roast a goose but in 100 years a swan will arise which"
1942174811649675418,1538710884,2025-07-07 10:52:13+00:00,"RT @indignadoxd: La ensobrada Florencia Pe√±a dice que Milei vendi√≥ La Patagonia,. Es la misma Florencia Pe√±a que aplaud√≠a mientras Cristina‚Ä¶",rt  la ensobrada florencia pe a dice que milei vendi  la patagonia es la misma florencia pe a que aplaud a mientras cristina
1942174800438345778,1919364455814557696,2025-07-07 10:52:10+00:00,"„Å°„Çá„Å£„Å®Â§±Êïó„Åó„Å°„ÇÉ„Å£„Åü„Åã„Å™‚Ä¶„Åì„ÅÆ„Éë„Çø„Ç¥„Éã„Ç¢„ÅÆT„Ç∑„É£„ÉÑ„ÄÅ17Âπ¥Ë£Ω„Å™„ÅÆ„Å´Áä∂ÊÖãËâØ„Åï„Åù„ÅÜ„Åß‚Ä¶„ÅÜ„Çç„Éü„É©Êé¢„Åó„ÅÆÊóÖ„ÄÅ„ÇÇ„Åó„Åã„Åó„Å¶„Ç≥„É¨Ôºü

patagonia „Éë„Çø„Ç¥„Éã„Ç¢ „Ç∞„É©„Éï„Ç£„ÉÉ„ÇØÔº¥„Ç∑„É£„ÉÑ 17Âπ¥Ë£Ω „É°„É≥„Ç∫ Ôº≠ ÁôΩ
https://t.co/FOMj4DRApc","t 17 

patagonia     17"
1942174742162907478,633927227,2025-07-07 10:51:57+00:00,"@EslamKa10072634 @CetusProtocol @moonbags_io @GiveRep Whether you‚Äôre into sustainable fashion, quantum computing, or vintage motorcycles, @GiveRep rewards unique passions. Tag to thrive in your niche.",whether you re into sustainable fashion quantum computing or vintage motorcycles  rewards unique passions tag to thrive in your niche
1942174543512023450,1492741395991478272,2025-07-07 10:51:09+00:00,"@jofer63 @MARCOAV47455747 @TTendenciaX 1- Davo lo dice con humor
2- perdiste la patagonia mucho mas territorio que las malvinas.","1 davo lo dice con humor
2 perdiste la patagonia mucho mas territorio que las malvinas"
1942174356274303223,1376397320829435904,2025-07-07 10:50:25+00:00,"RT @MateconMote: LA KUKA FLOR PE√ëA ATAC√ì A MILEI Y DICE QUE LA PATAGONIA EST√Å VENDIDA: SI, CULPA DEL KIRCHNERISMO https://t.co/PupTnGQLr4",rt  la kuka flor pe a atac  a milei y dice que la patagonia est  vendida si culpa del kirchnerismo
1942174253815668741,1846971221625147392,2025-07-07 10:50:00+00:00,"RT @indignadoxd: La ensobrada Florencia Pe√±a dice que Milei vendi√≥ La Patagonia,. Es la misma Florencia Pe√±a que aplaud√≠a mientras Cristina‚Ä¶",rt  la ensobrada florencia pe a dice que milei vendi  la patagonia es la misma florencia pe a que aplaud a mientras cristina
1942174215379333155,1170012488752123910,2025-07-07 10:49:51+00:00,"@lukeappleton There is nothing wrong with making use of technology. The printing press brought the bible to the masses, who could read it for themselves. This led to the Reformation.",there is nothing wrong with making use of technology the printing press brought the bible to the masses who could read it for themselves this led to the reformation
1942174125620928738,1815525199569178625,2025-07-07 10:49:30+00:00,"RT @indignadoxd: La ensobrada Florencia Pe√±a dice que Milei vendi√≥ La Patagonia,. Es la misma Florencia Pe√±a que aplaud√≠a mientras Cristina‚Ä¶",rt  la ensobrada florencia pe a dice que milei vendi  la patagonia es la misma florencia pe a que aplaud a mientras cristina
1942173916648427553,1898046197539258369,2025-07-07 10:48:40+00:00,RT @DMunicipality: #DubaiMunicipality announces the reformation of the Dubai Municipality Youth Council with a new structure that brings to‚Ä¶,rt  dubaimunicipality announces the reformation of the dubai municipality youth council with a new structure that brings to
1942173809844564471,2537866163,2025-07-07 10:48:14+00:00,"RT @indignadoxd: La ensobrada Florencia Pe√±a dice que Milei vendi√≥ La Patagonia,. Es la misma Florencia Pe√±a que aplaud√≠a mientras Cristina‚Ä¶",rt  la ensobrada florencia pe a dice que milei vendi  la patagonia es la misma florencia pe a que aplaud a mientras cristina
1942173265591402678,856521690175733761,2025-07-07 10:46:05+00:00,"@GabrielCastroOK Esas son las obras que nunca terminaron lo peronchos de la Patagonia.  Siempre ac√° en invierno falt√≥ el gas . Los mandaban a las grandes empresas y la gente cagada de fr√≠o,Soy de la Patagonia y lo se bien . Y ahora es culpa de Milei jajajjajaja .",esas son las obras que nunca terminaron lo peronchos de la patagonia  siempre ac  en invierno falt  el gas  los mandaban a las grandes empresas y la gente cagada de fr osoy de la patagonia y lo se bien  y ahora es culpa de milei jajajjajaja
1942173243072246123,329509341,2025-07-07 10:45:59+00:00,"#DubaiMunicipality announces the reformation of the Dubai Municipality Youth Council with a new structure that brings together a distinguished group of young talents from various departments within the municipality, reflecting our ongoing efforts to empower youth. https://t.co/prinGElL9f",dubaimunicipality announces the reformation of the dubai municipality youth council with a new structure that brings together a distinguished group of young talents from various departments within the municipality reflecting our ongoing efforts to empower youth
1942173206523097387,1641581316054614016,2025-07-07 10:45:50+00:00,"RT @atentoschile: üî¥ Un hombre se encontr√≥ cara a cara con tres pumas mientras recorr√≠a un sendero en la Patagonia de Chile. 

Afortunadamen‚Ä¶","rt    un hombre se encontr  cara a cara con tres pumas mientras recorr a un sendero en la patagonia de chile 

afortunadamen"
1942172874543956017,1967526098,2025-07-07 10:44:31+00:00,"@Currentreport1 These Zionist rats will try to take over the land wherever they go, bringing death and destruction. Now they are doing it again in Cyprus and Patagonia. Beware, citizens of the world, these are a malignant and destructive plague.",these zionist rats will try to take over the land wherever they go bringing death and destruction now they are doing it again in cyprus and patagonia beware citizens of the world these are a malignant and destructive plague
1942172823340175726,2537866163,2025-07-07 10:44:19+00:00,"RT @MateconMote: LA KUKA FLOR PE√ëA ATAC√ì A MILEI Y DICE QUE LA PATAGONIA EST√Å VENDIDA: SI, CULPA DEL KIRCHNERISMO https://t.co/PupTnGQLr4",rt  la kuka flor pe a atac  a milei y dice que la patagonia est  vendida si culpa del kirchnerismo
1942172708214620161,1645767147598102528,2025-07-07 10:43:52+00:00,"RT @indignadoxd: La ensobrada Florencia Pe√±a dice que Milei vendi√≥ La Patagonia,. Es la misma Florencia Pe√±a que aplaud√≠a mientras Cristina‚Ä¶",rt  la ensobrada florencia pe a dice que milei vendi  la patagonia es la misma florencia pe a que aplaud a mientras cristina
1942172667768934658,1967526098,2025-07-07 10:43:42+00:00,"@NoorsalamK44715 @Currentreport1 These Zionist rats will try to take over the land wherever they go, bringing death and destruction. Now they are doing it again in Cyprus and Patagonia. Beware, citizens of the world, these are a malignant and destructive plague.",these zionist rats will try to take over the land wherever they go bringing death and destruction now they are doing it again in cyprus and patagonia beware citizens of the world these are a malignant and destructive plague
1942172393771868560,1726391632096804864,2025-07-07 10:42:37+00:00,"RT @indignadoxd: La ensobrada Florencia Pe√±a dice que Milei vendi√≥ La Patagonia,. Es la misma Florencia Pe√±a que aplaud√≠a mientras Cristina‚Ä¶",rt  la ensobrada florencia pe a dice que milei vendi  la patagonia es la misma florencia pe a que aplaud a mientras cristina
1942172274309615960,1710513018,2025-07-07 10:42:08+00:00,"RT @mi_oro13: Good Morning, My Friends! üîÜ 

#Buongiorno 
#BuongiornoATutti 
#luned√¨ 
#7luglio 

#photography #naturephotography #landscapep‚Ä¶","rt  good morning my friends   

buongiorno 
buongiornoatutti 
luned  
7luglio 

photography naturephotography landscapep"
1942172224917512531,112748874,2025-07-07 10:41:56+00:00,"RT @atentoschile: üî¥ Un hombre se encontr√≥ cara a cara con tres pumas mientras recorr√≠a un sendero en la Patagonia de Chile. 

Afortunadamen‚Ä¶","rt    un hombre se encontr  cara a cara con tres pumas mientras recorr a un sendero en la patagonia de chile 

afortunadamen"
1942172210657198116,1655899734845030402,2025-07-07 10:41:53+00:00,RT @trevifede: Ballena Franca Austral @ Puerto Piramides - Patagonia Argentina üá¶üá∑ #whale #southernrightwhale #cetacean #chubut #madryn #tex‚Ä¶,rt  ballena franca austral  puerto piramides  patagonia argentina   whale southernrightwhale cetacean chubut madryn tex
1942172203115827360,1655899734845030402,2025-07-07 10:41:51+00:00,RT @trevifede: Buen d√≠a Puerto Madryn - Good morning Puerto Madryn Patagonia Argentina üá¶üá∑ #chubut #madryn #orca #killerwhale #nature #wildl‚Ä¶,rt  buen d a puerto madryn  good morning puerto madryn patagonia argentina   chubut madryn orca killerwhale nature wildl
1942172184421568645,584228249,2025-07-07 10:41:47+00:00,Es verdad que @JMilei ya le vendio la patagonia a @netanyahu? https://t.co/Fy9siRCImO,es verdad que  ya le vendio la patagonia a
1942172142667268233,844870738116931584,2025-07-07 10:41:37+00:00,"RT @lfsur: ¬°Un zorrito jugando en la nieve!
 Patagonia üá¶üá∑üßâ‚ùÑÔ∏è ‚ù§Ô∏èü¶ä
üìΩCapturandoNeuqu√©n https://t.co/90Rb2t0TpL","rt   un zorrito jugando en la nieve
 patagonia    
 capturandoneuqu n"
1942172141627003363,1773395434460823552,2025-07-07 10:41:37+00:00,"RT @atentoschile: üî¥ Un hombre se encontr√≥ cara a cara con tres pumas mientras recorr√≠a un sendero en la Patagonia de Chile. 

Afortunadamen‚Ä¶","rt    un hombre se encontr  cara a cara con tres pumas mientras recorr a un sendero en la patagonia de chile 

afortunadamen"
1942172056579112983,169167606,2025-07-07 10:41:16+00:00,@indignadoxd @yanilatorre Ya fue entregada la Patagonia a Lazaro/Nestor/CFK/cr√≠a,ya fue entregada la patagonia a lazaronestorcfkcr a
1942171999972774034,739844247109705737,2025-07-07 10:41:03+00:00,"RT @atentoschile: üî¥ Un hombre se encontr√≥ cara a cara con tres pumas mientras recorr√≠a un sendero en la Patagonia de Chile. 

Afortunadamen‚Ä¶","rt    un hombre se encontr  cara a cara con tres pumas mientras recorr a un sendero en la patagonia de chile 

afortunadamen"
1942171977868853483,1245881550341840898,2025-07-07 10:40:57+00:00,"RT @atentoschile: üî¥ Un hombre se encontr√≥ cara a cara con tres pumas mientras recorr√≠a un sendero en la Patagonia de Chile. 

Afortunadamen‚Ä¶","rt    un hombre se encontr  cara a cara con tres pumas mientras recorr a un sendero en la patagonia de chile 

afortunadamen"
1942171902698778855,1305434314478297088,2025-07-07 10:40:40+00:00,"Non-resonators in it's forces, that meant that the decimation of the army was much more severe considering the reformation of the Midnight Rangers to only include Resonators only happened in Jiyan's term, so it's highly possible Geshulin went full 40K Commissar /2",nonresonators in its forces that meant that the decimation of the army was much more severe considering the reformation of the midnight rangers to only include resonators only happened in jiyans term so its highly possible geshulin went full 40k commissar 2
1942171700382097868,215738892,2025-07-07 10:39:51+00:00,"RT @atentoschile: üî¥ Un hombre se encontr√≥ cara a cara con tres pumas mientras recorr√≠a un sendero en la Patagonia de Chile. 

Afortunadamen‚Ä¶","rt    un hombre se encontr  cara a cara con tres pumas mientras recorr a un sendero en la patagonia de chile 

afortunadamen"
1942171455048872296,2322783709,2025-07-07 10:38:53+00:00,"@martinezmerce18 @JMilei__ Se creen los due√±os del barrio viejo,que se vayan para la patagonia .",se creen los due os del barrio viejoque se vayan para la patagonia
1942171127490510910,180203783,2025-07-07 10:37:35+00:00,"RT @indignadoxd: La ensobrada Florencia Pe√±a dice que Milei vendi√≥ La Patagonia,. Es la misma Florencia Pe√±a que aplaud√≠a mientras Cristina‚Ä¶",rt  la ensobrada florencia pe a dice que milei vendi  la patagonia es la misma florencia pe a que aplaud a mientras cristina
1942171075271422032,889976454037078016,2025-07-07 10:37:22+00:00,"RT @atentoschile: üî¥ Un hombre se encontr√≥ cara a cara con tres pumas mientras recorr√≠a un sendero en la Patagonia de Chile. 

Afortunadamen‚Ä¶","rt    un hombre se encontr  cara a cara con tres pumas mientras recorr a un sendero en la patagonia de chile 

afortunadamen"
1942170909764210838,1926276214831955969,2025-07-07 10:36:43+00:00,"RT @indignadoxd: La ensobrada Florencia Pe√±a dice que Milei vendi√≥ La Patagonia,. Es la misma Florencia Pe√±a que aplaud√≠a mientras Cristina‚Ä¶",rt  la ensobrada florencia pe a dice que milei vendi  la patagonia es la misma florencia pe a que aplaud a mientras cristina
